Comment,Designator,Footprint,LCSC Part #
100nF,"C1,C4P,C4N,C5P,C5N,C47,C7P,C7N,C8P,C8N,C9A,C10A",C_0805_2012Metric,C49678
220nF,"C2,C6",C_0805_2012Metric,C5378
22uF,C20,C_0805_2012Metric,C45783
10uF,"C21,C29,C31,C34,C40,C41,C42,C43,C44,C45,C46",C_0805_2012Metric,C15850
22uF,"C22,C23,C24,C25,C26,C27,C32",C_0805_2012Metric,C45783
10nF,"C28,C30",C_0805_2012Metric,C1710
100pF C0G,"C3,CAI1,CAI2,CAI3,CAI4,CAI5,CAI6",C_0805_2012Metric,C1790
1uF,"C33,C4,C5,C48,CV1",C_0805_2012Metric,C28323
12pF C0G,"C7,C8",C_0805_2012Metric,C107108
330pF C0G,"CA1,CA2,CA3,CA4,CA5,CA6,CA7,CA8",C_0805_2012Metric,C107116
47pF C0G,"CF1,CF2,CF3,CF4,CF5,CF6,CF7,CF8,CAF1,CAG1,CAF2,CAG2,CAF3,CAG3,CAF4,CAG4,CAF5,CAG5,CAF6,CAG6,CAF7,CAG7,CAF8,CAG8",C_0805_2012Metric,C14857
SS14,"D20,D21,D22,D23",D_SMA,C2480
BAT54S,"DC1,DC2,DC3,DC4,DC5,DC6,DC7,DC8,DA1,DA2,DA3,DA4,DA5,DA6,DA7,DA8",SOT-23,C47546
10uH,"L20,L21,L22",L_Taiyo-Yuden_NR-40xx,C38117
10k 0.1%,"R2,R11,R12,R13,R14,R15,R16,R17,R18",R_0805_2012Metric,
33k,R20,R_0805_2012Metric,C17633
10k,"R21,R23,R25,R27,R1,R4,R5,R6",R_0805_2012Metric,C17414
82.5k,"R22,R24",R_0805_2012Metric,C2684597
100k,R26,R_0805_2012Metric,C149504
8.06k 0.1%,R3,R_0805_2012Metric,C865685
49.9k 1%,"RA1,RB1,RA2,RB2,RA3,RB3,RA4,RB4,RA5,RB5,RA6,RB6,RA7,RB7,RA8,RB8",R_0805_2012Metric,C114540
100k 1%,"RAI1,RAI2,RAI3,RAI4,RAI5,RAI6",R_0805_2012Metric,C149504
11k 1%,"RAIF1,RAIF2,RAIF3,RAIF4,RAIF5,RAIF6",R_0805_2012Metric,C137597
28.7k 0.1%,"RAM1,RAP1,RAM2,RAP2,RAM3,RAP3,RAM4,RAP4,RAM5,RAP5,RAM6,RAP6,RAM7,RAP7,RAM8,RAP8",R_0805_2012Metric,C865355
100,"RAO1,RAO2,RAO3,RAO4,RAO5,RAO6",R_0805_2012Metric,C17408
9.09k 1%,"RC1,RC2,RC3,RC4,RC5,RC6,RC7,RC8",R_0805_2012Metric,C273842
82.5k 0.1%,"RF1,RF2,RF3,RF4,RF5,RF6,RF7,RF8,RAF1,RAG1,RAF2,RAG2,RAF3,RAG3,RAF4,RAG4,RAF5,RAG5,RAF6,RAG6,RAF7,RAG7,RAF8,RAG8",R_0805_2012Metric,C865667
1k 0.66W,"RS1,RS2,RS3,RS4,RS5,RS6,RS7,RS8,RSA1,RSA2,RSA3,RSA4,RSA5,RSA6,RSA7,RSA8",R_1206_3216Metric,C2088070
10k 1%,RV1,R_0805_2012Metric,C17414
8.2k 1%,RV2,R_0805_2012Metric,C114545
DAC8568BIPW,U2,TSSOP-16_4.4x5mm_P0.65mm,
LM66100 (USB path),U20,SOT-363_SC-70-6,C2869734
LM66100 (battery boost path),U21,SOT-363_SC-70-6,C2869734
TPS7A4901 (+11 V),U23,MSOP-8-1EP_3x3mm_P0.65mm_EP1.68x1.88mm,C16430
TPS7A3001 (-11 V),U24,MSOP-8-1EP_3x3mm_P0.65mm_EP1.68x1.88mm,C33835
AMS1117-3.3,U25,SOT-223-3_TabPin2,C6186
LP5907-3.3,U26,SOT-23-5,C5370990
LP5907-4.5,U27,SOT-23-5,C529554
ADS131M08IPBS,U3,TQFP-32_5x5mm_P0.5mm,C2862610
OPA4172,"U4,U5",SOIC-14_3.9x8.7mm_P1.27mm,C2057383
PCM3168APAP,U6,HTQFP-64-1EP_10x10mm_P0.5mm_EP8x8mm,C529289
OPA1679,"U7,U8",TSSOP-14_4.4x5mm_P0.65mm,C2057264
TLV9064,"U9,U10",TSSOP-14_4.4x5mm_P0.65mm,C779410
8.192MHz,Y1,Crystal_SMD_3225-4Pin_3.2x2.5mm,C19674294
